Column 1,Column 2,Column 3
co1,col2,col3
co1,col2,col3
co1,col2,col3
co1,col2,col3
co1,col2,col3
co1,col2,col3
co1,col2,col3
co1,col2,col3
co1,col2,col3
co1,col2,col3
co1,col2,col3
co1,col2,col3
co1,col2,col3
co1,col2,col3
co1,col2,col3
co1,col2,col3
co1,col2,col3
co1,col2,col3
co1,col2,col3
co1,col2,col3
co1,col2,col3
co1,col2,col3
co1,col2,col3
co1,col2,col3
co1,col2,col3
co1,col2,col3
co1,col2,col3
co1,col2,col3
co1,col2,col3
co1,col2,col3
co1,col2,col3
co1,col2,col3
co1,col2,col3
co1,col2,col3
co1,col2,col3
co1,col2,col3
co1,col2,col3
co1,col2,col3
co1,col2,col3
co1,col2,col3
co1,col2,col3
co1,col2,col3
co1,col2,col3
co1,col2,col3
co1,col2,col3
co1,col2,col3
co1,col2,col3
co1,col2,col3
co1,col2,col3
co1,col2,col3
co1,col2,col3
co1,col2,col3
co1,col2,col3
co1,col2,col3
co1,col2,col3
co1,col2,col3
co1,col2,col3
co1,col2,col3
co1,col2,col3
co1,col2,col3
co1,col2,col3
co1,col2,col3
co1,col2,col3
co1,col2,col3
co1,col2,col3
co1,col2,col3
co1,col2,col3
co1,col2,col3
co1,col2,col3
co1,col2,col3
co1,col2,col3
co1,col2,col3
co1,col2,col3
co1,col2,col3
co1,col2,col3
co1,col2,col3
co1,col2,col3
co1,col2,col3
co1,col2,col3
co1,col2,col3
co1,col2,col3
co1,col2,col3
co1,col2,col3
co1,col2,col3
co1,col2,col3
co1,col2,col3
co1,col2,col3
co1,col2,col3
co1,col2,col3
co1,col2,col3
co1,col2,col3
co1,col2,col3
co1,col2,col3
co1,col2,col3
co1,col2,col3
co1,col2,col3
co1,col2,col3
co1,col2,col3
co1,col2,col3
co1,col2,col3
